{
  "n_per_config": 300,
  "results": {
    "default": {
      "config": {},
      "metrics": {
        "n": 300,
        "greedy_infeasible_rate": 0.6933333333333334,
        "median_premium_constrained": 0.05422279958317899,
        "max_premium": 0.7143409080974347,
        "rejection_rate": 0.05
      }
    },
    "climb=(1, 2)_tight=(0.45, 0.85)": {
      "config": {
        "climb_periods": [
          1,
          2
        ],
        "climb_tightness": [
          0.45,
          0.85
        ]
      },
      "metrics": {
        "n": 300,
        "greedy_infeasible_rate": 0.7033333333333334,
        "median_premium_constrained": 0.04560644406613341,
        "max_premium": 0.6506480264985836,
        "rejection_rate": 0.0275
      }
    },
    "climb=(1, 2)_tight=(0.55, 0.95)": {
      "config": {
        "climb_periods": [
          1,
          2
        ],
        "climb_tightness": [
          0.55,
          0.95
        ]
      },
      "metrics": {
        "n": 300,
        "greedy_infeasible_rate": 0.6933333333333334,
        "median_premium_constrained": 0.05422279958317899,
        "max_premium": 0.7143409080974347,
        "rejection_rate": 0.05
      }
    },
    "climb=(1, 2)_tight=(0.7, 1.0)": {
      "config": {
        "climb_periods": [
          1,
          2
        ],
        "climb_tightness": [
          0.7,
          1.0
        ]
      },
      "metrics": {
        "n": 300,
        "greedy_infeasible_rate": 0.6766666666666666,
        "median_premium_constrained": 0.058546554152572886,
        "max_premium": 0.6569601125815354,
        "rejection_rate": 0.105
      }
    },
    "climb=(2, 2)_tight=(0.45, 0.85)": {
      "config": {
        "climb_periods": [
          2,
          2
        ],
        "climb_tightness": [
          0.45,
          0.85
        ]
      },
      "metrics": {
        "n": 300,
        "greedy_infeasible_rate": 0.6766666666666666,
        "median_premium_constrained": 0.053752292496606006,
        "max_premium": 0.6506480264985836,
        "rejection_rate": 0.0575
      }
    },
    "climb=(2, 2)_tight=(0.55, 0.95)": {
      "config": {
        "climb_periods": [
          2,
          2
        ],
        "climb_tightness": [
          0.55,
          0.95
        ]
      },
      "metrics": {
        "n": 300,
        "greedy_infeasible_rate": 0.6566666666666666,
        "median_premium_constrained": 0.057632276518286694,
        "max_premium": 0.7143409080974347,
        "rejection_rate": 0.1125
      }
    },
    "climb=(2, 2)_tight=(0.7, 1.0)": {
      "config": {
        "climb_periods": [
          2,
          2
        ],
        "climb_tightness": [
          0.7,
          1.0
        ]
      },
      "metrics": {
        "n": 300,
        "greedy_infeasible_rate": 0.63,
        "median_premium_constrained": 0.04652202395585367,
        "max_premium": 0.6569601125815354,
        "rejection_rate": 0.185
      }
    }
  }
}